<?xml version="1.0"?>
        <config xmlns:xsi="http://www.w3.org/2001/XMLSchema-instance"
        xsi:noNamespaceSchemaLocation="urn:magento:framework:Acl/etc/acl.xsd">
        <type name="MiniOrange\SP\Logger\Handler">
        <arguments>
            <argument name="filesystem" xsi:type="object">Magento\Framework\Filesystem\Driver\File</argument>
        </arguments>
    </type>
    <type name="MiniOrange\SP\Logger\Logger">
        <arguments>
            <argument name="name" xsi:type="string">MiniOrange_SP_Free</argument>
            <argument name="handlers"  xsi:type="array">
                <item name="system" xsi:type="object">MiniOrange\SP\Logger\Handler</item>
            </argument>
        </arguments>
    </type>
        </config>